price_total,listing_title,room_type,is_shared_room,is_private_room,max_guests,is_superhost,is_business_listing,cleanliness_score,guest_satisfaction_score,bedrooms,longitude,latitude,city,day_type,district,state,country_code,country_name
317.65,"Homey Studio with kitchen, Amsterdam Noord",Entire home/apt,FALSE,FALSE,2,TRUE,FALSE,4.7,95,1,4.9068,52.3966,Amsterdam,weekday,Noord,North Holland,NL,Netherlands
156.9,PARK SUITE private place in beautiful location,Private room,FALSE,TRUE,2,TRUE,FALSE,4.6,94,1,4.94026,52.34991,Amsterdam,weekday,Oost,North Holland,NL,Netherlands
169.63,Studio 25m2 | Near Amsterdam & Schiphol,Entire home/apt,FALSE,FALSE,2,FALSE,FALSE,4.6,91.4,1,4.79685,52.33456,Amsterdam,weekday,Badhoevedorp,North Holland,NL,Netherlands
500.65,The Bright Loft - City Centre Amsterdam,Entire home/apt,FALSE,FALSE,2,TRUE,FALSE,5,66.6,1,4.8918,52.37633,Amsterdam,weekday,Centrum,North Holland,NL,Netherlands
429.82,Luxery apartment,Entire home/apt,FALSE,FALSE,2,FALSE,FALSE,4.7,90,1,4.924177107,52.36242239,Amsterdam,weekday,Oost,North Holland,NL,Netherlands
640.09,Exceptional Apartment 4bdr in Amsterdam,Entire home/apt,FALSE,FALSE,8,FALSE,FALSE,5,95,4,4.8705,52.3542,Amsterdam,weekday,Zuid,North Holland,NL,Netherlands
483.25,Perfect for the traveling professional,Entire home/apt,FALSE,FALSE,2,TRUE,FALSE,4.8,99.2,1,4.69058,52.30543,Amsterdam,weekday,Hoofddorp,North Holland,NL,Netherlands
346.79,Modern & Cozy Amsterdam Apartment with Garden View,Entire home/apt,FALSE,FALSE,2,TRUE,FALSE,5,100,1,4.93838,52.3329,Amsterdam,weekday,Noord,North Holland,NL,Netherlands
227.77,Tasteful apartment between Amsterdam and Haarlem,Entire home/apt,FALSE,FALSE,2,FALSE,FALSE,4.8,96.2,1,4.75504,52.38606,Amsterdam,weekday,north,North Holland,NL,Netherlands
227.77,"2roomSuite B&B Centre Haarlem, A'dam, Beach",Entire home/apt,FALSE,FALSE,2,TRUE,FALSE,5,95,2,4.6281,52.3775,Amsterdam,weekday,Haarlem,North Holland,NL,Netherlands
253.32,Apartment de Mollengang,Entire home/apt,FALSE,FALSE,2,TRUE,FALSE,4.9,98,1,4.9412,52.4264,Amsterdam,weekday,Landsmeer,North Holland,NL,Netherlands
529.49,"Cool Modern Studio for 4, Amsterdam Noord",Entire home/apt,FALSE,FALSE,4,TRUE,FALSE,4.8,95.4,2,4.9072,52.3965,Amsterdam,weekday,Noord,North Holland,NL,Netherlands
265.88,New Amsterdam Apartment,Entire home/apt,FALSE,FALSE,2,FALSE,FALSE,4.7,93,1,4.8946,52.3557,Amsterdam,weekday,Zuid,North Holland,NL,Netherlands
845.92,loft Vondelpark central Amsterdam,Entire home/apt,FALSE,FALSE,3,FALSE,FALSE,4.8,100,2,4.85853,52.35876,Amsterdam,weekday,West,North Holland,NL,Netherlands
407.98,Studio Executive Apartment - ID Aparthotel,Entire home/apt,FALSE,FALSE,2,TRUE,FALSE,4.7,94.2,1,4.83349,52.38818,Amsterdam,weekday,Nieuw-West,North Holland,NL,Netherlands
285.59,Canal House: Long term room rental in 200m² house,Entire home/apt,FALSE,FALSE,1,FALSE,FALSE,4.5,94.2,1,4.89704,52.3711,Amsterdam,weekday,Centrum,North Holland,NL,Netherlands
108.47,Paulie Homestay near Amsterdam - Solo Room 4,Entire home/apt,FALSE,FALSE,1,TRUE,FALSE,4.2,91.2,1,4.65242,52.48919,Amsterdam,weekday,Sint Aagtendorp,North Holland,NL,Netherlands
347.37,Family home close to Amsterdam and beaches,Entire home/apt,FALSE,FALSE,5,FALSE,FALSE,4.9,99.3,3,5.05995,52.33321,Amsterdam,weekday,De Krijgsman,North Holland,NL,Netherlands
256.85,Boardwalk Suite,Entire home/apt,FALSE,FALSE,2,TRUE,FALSE,4.6,95,1,4.7781,52.38098,Amsterdam,weekday,Nieuw-West,North Holland,NL,Netherlands
561.99,Sunny top-floor stay | roof terrace + balcony,Entire home/apt,FALSE,FALSE,2,TRUE,FALSE,5,100,1,4.8874,52.3892,Amsterdam,weekday,West,North Holland,NL,Netherlands
588.79,Helmersbuurt - Wilhelminastraat,Entire home/apt,FALSE,FALSE,2,FALSE,FALSE,4.8,100,1,4.867,52.3624,Amsterdam,weekday,West,North Holland,NL,Netherlands
589.48,Stylish & Modern Apartment in Amsterdam North,Entire home/apt,FALSE,FALSE,2,FALSE,FALSE,5,100,1,4.91758,52.38486,Amsterdam,weekday,Noord,North Holland,NL,Netherlands
598.01,Historical Vondelpark Apartment,Entire home/apt,FALSE,FALSE,2,FALSE,FALSE,5,98,1,4.8609,52.359,Amsterdam,weekday,West,North Holland,NL,Netherlands
526.8,Big and bright/very central/stunning view / 2 prs,Entire home/apt,FALSE,FALSE,2,FALSE,FALSE,4.9,98.8,1,4.90652,52.37296,Amsterdam,weekday,Centrum,North Holland,NL,Netherlands
71.2,URBAN apt. with balcony in hip cental neighborhood,Entire home/apt,FALSE,FALSE,3,FALSE,FALSE,4.7,95.4,1,23.74016,37.99913,Athens,weekday,Kypseli,Attica,GR,Greece
62.59,Athens SkyNest,Entire home/apt,FALSE,FALSE,4,TRUE,FALSE,5,100,1,23.73017,38.01053,Athens,weekday,Kypséli,Attica,GR,Greece
87.4,Dimitri’s Athens View,Entire home/apt,FALSE,FALSE,2,TRUE,FALSE,4.9,97.8,1,23.7479,37.9595,Athens,weekday,Vyronas,Attica,GR,Greece
99.11,Athenian Dream Apartment by VIPGreece,Entire home/apt,FALSE,FALSE,4,FALSE,FALSE,4.8,91.2,2,23.7261,37.9971,Athens,weekday,Kypséli,Attica,GR,Greece
88.48,Miss H Haven,Entire home/apt,FALSE,FALSE,4,TRUE,FALSE,4.7,94.6,2,23.7494,37.9674,Athens,weekday,Pangrati,Attica,GR,Greece
65.42,New Hilton Tiny Apartment with Private Entrance,Private room,FALSE,TRUE,2,FALSE,FALSE,5,93,1,23.75378,37.9756,Athens,weekday,1st District of Athens,Attica,GR,Greece
68.32,Live like locals in Athens Famous Neighbourhood,Entire home/apt,FALSE,FALSE,2,TRUE,FALSE,5,100,1,23.7372,38.0082,Athens,weekday,Kypséli,Attica,GR,Greece
55.75,The Fig Tree Flat,Entire home/apt,FALSE,FALSE,2,TRUE,FALSE,4.6,92,1,23.7312,38.0008,Athens,weekday,Kypséli,Attica,GR,Greece
66.36,“EPOS” Inspired by the Urban Streets of NYC&Athens,Entire home/apt,FALSE,FALSE,2,TRUE,FALSE,5,99,2,23.75354,37.97274,Athens,weekday,Kaisariani,Attica,GR,Greece
59.26,Stylish flat by the Archeological Museum,Entire home/apt,FALSE,FALSE,3,TRUE,FALSE,4.7,100,1,23.7323,37.9912,Athens,weekday,1st District of Athens,Attica,GR,Greece
55.42,Athenian Home - Greek authenticity,Entire home/apt,FALSE,FALSE,2,FALSE,FALSE,5,100,1,23.71108,37.99761,Athens,weekday,4th District of Athens,Attica,GR,Greece
72.08,Aristo129 · Balcony · metro 6 min · sleeps 4,Entire home/apt,FALSE,FALSE,4,TRUE,FALSE,4,96,1,23.7244,38.0017,Athens,weekday,Kypséli,Attica,GR,Greece
40.99,No. 14-2 Theo Homeybee Omonia Victoria,Entire home/apt,FALSE,FALSE,2,TRUE,FALSE,4.7,94.4,2,23.7283,37.9896,Athens,weekday,1st District of Athens,Attica,GR,Greece
88.14,WYZ Museum Comfort Studio,Entire home/apt,FALSE,FALSE,2,TRUE,FALSE,4.7,94,1,23.7286,37.9875,Athens,weekday,1st District of Athens,Attica,GR,Greece
80.1,Athens Central Mondern Stay 4' to Metro Station,Entire home/apt,FALSE,FALSE,4,TRUE,FALSE,5,98.2,1,23.7215,37.9961,Athens,weekday,Kypséli,Attica,GR,Greece
74.66,Super central cosy studio,Entire home/apt,FALSE,FALSE,2,TRUE,FALSE,4.8,95.8,1,23.73096,37.97909,Athens,weekday,1st District of Athens,Attica,GR,Greece
44.75,PORTRAIT - Room in flatshare #1,Entire home/apt,FALSE,FALSE,2,FALSE,FALSE,5,100,2,23.73039,37.9936,Athens,weekday,Kypséli,Attica,GR,Greece
30.72,Rooms in a quiet neighborhood,Entire home/apt,FALSE,FALSE,1,FALSE,FALSE,4.7,60,1,23.7335,38.0234,Athens,weekday,Kypséli,Attica,GR,Greece
123.66,Joe's Studio | Balcony | Close to Monastiraki,Entire home/apt,FALSE,FALSE,4,TRUE,FALSE,5,95.8,1,23.7125,37.9758,Athens,weekday,Kypséli,Attica,GR,Greece
134.06,Gem Studio | Near Metro | Starlink |Rooftop Views,Entire home/apt,FALSE,FALSE,3,TRUE,FALSE,5,98.6,1,23.71455,37.9811,Athens,weekday,Kypséli,Attica,GR,Greece
113.02,Athens centre Luxury Studio close to metro,Entire home/apt,FALSE,FALSE,2,TRUE,FALSE,4.3,95,1,23.7623,37.9822,Athens,weekday,Ampelókipoi,Attica,GR,Greece
111.06,Solar Cube,Entire home/apt,FALSE,FALSE,2,TRUE,FALSE,4.3,97.2,1,23.7345,37.965,Athens,weekday,2nd District of Athens,Attica,GR,Greece
111.26,Penthouse & Big Terrace | 5’ to Metro | FiberWiFi,Entire home/apt,FALSE,FALSE,4,FALSE,FALSE,4.8,100,1,23.7188,38.0036,Athens,weekday,Sepolia District,Attica,GR,Greece
118.88,Retro Chic Apartment- Near Metro by ΜΡS,Entire home/apt,FALSE,FALSE,2,TRUE,FALSE,4.8,100,1,23.7571,37.9897,Athens,weekday,Ampelókipoi,Attica,GR,Greece
105.36,Keramikos Comfortable Apartment #3,Entire home/apt,FALSE,FALSE,4,FALSE,FALSE,4.8,89.6,1,23.71033,37.98253,Athens,weekday,Votanikos District,Attica,GR,Greece
136.16,Spacious Studio | Metro | Starlink | Huge Rooftop,Entire home/apt,FALSE,FALSE,4,TRUE,FALSE,4.6,96.6,1,23.71622,37.98117,Athens,weekday,Petrálona,Attica,GR,Greece
398.62,The halcyon house,Entire home/apt,FALSE,FALSE,2,TRUE,FALSE,4.3,100,1,23.7312,38.0008,Athens,weekday,Kypséli,Attica,GR,Greece
139.13,Live Cozy,Entire home/apt,FALSE,FALSE,2,TRUE,FALSE,4.5,100,1,23.7446,37.9902,Athens,weekday,Ampelókipoi,Attica,GR,Greece
104.07,Stylish Top Floor 2BR•Balcony•Metro•City Views,Entire home/apt,FALSE,FALSE,4,TRUE,FALSE,4.8,96.8,2,23.7272,37.9976,Athens,weekday,Kypséli,Attica,GR,Greece
96.76,"Downtown, romantic loft",Entire home/apt,FALSE,FALSE,2,TRUE,FALSE,4.8,97,1,23.7667,37.9791,Athens,weekday,Zografou,Attica,GR,Greece
543.49,Cozy place for working in Barcelona / Les Corts,Entire home/apt,FALSE,FALSE,1,TRUE,FALSE,4.8,85.8,1,2.13893,41.38393,Barcelona,weekday,les Corts,Catalonia,ES,Spain
462.18,Single room near Sagrada Família,Entire home/apt,FALSE,FALSE,1,FALSE,FALSE,4.7,93.6,1,2.17856,41.4109,Barcelona,weekday,La Sagrada Família,Catalonia,ES,Spain
962.49,Cosy 1 bedroom apartment in central Barcelona,Entire home/apt,FALSE,FALSE,3,TRUE,FALSE,4.8,95.6,1,2.1711,41.3793,Barcelona,weekday,Old Town,Catalonia,ES,Spain
525.85,Stunning room with private Balcony,Private room,FALSE,TRUE,1,TRUE,FALSE,4.9,20,1,2.16222,41.38374,Barcelona,weekday,l'Eixample,Catalonia,ES,Spain
618.32,Entenca 208 Room 3 Co-living City Centre,Entire home/apt,FALSE,FALSE,1,FALSE,FALSE,4.8,100,1,2.14435,41.38645,Barcelona,weekday,l'Eixample,Catalonia,ES,Spain
495.27,Room with private fridge for long term,Private room,FALSE,TRUE,1,FALSE,FALSE,5,95,2,2.17524,41.3958,Barcelona,weekday,l'Eixample,Catalonia,ES,Spain
447.62,Relax & Enjoy,Entire home/apt,FALSE,FALSE,2,FALSE,FALSE,4.7,96,9,2.1696,41.382,Barcelona,weekday,Old Town,Catalonia,ES,Spain
1519.38,Lepanto Sagrada Família,Entire home/apt,FALSE,FALSE,2,FALSE,FALSE,4.8,95,1,2.174,41.405,Barcelona,weekday,l'Eixample,Catalonia,ES,Spain
1824.15,Restored modernist apartment with balcony,Entire home/apt,FALSE,FALSE,2,FALSE,FALSE,4.9,95,1,2.16957,41.39282,Barcelona,weekday,l'Eixample,Catalonia,ES,Spain
156.59,Cozy Flat near Arc de Triomf with Balcony,Entire home/apt,FALSE,FALSE,2,FALSE,FALSE,4,97.2,1,2.18209,41.38939,Barcelona,weekday,Old Town,Catalonia,ES,Spain
488.7,comfortable room,Entire home/apt,FALSE,FALSE,1,FALSE,FALSE,4.7,95,1,2.1204,41.37374,Barcelona,weekday,Collblanc,Catalonia,ES,Spain
1272.14,*Amazing BRAND NEW studio Boqueria market AA/WiFi*,Entire home/apt,FALSE,FALSE,2,FALSE,FALSE,4.6,100,1,2.168,41.38029,Barcelona,weekday,Old Town,Catalonia,ES,Spain
565.24,"Cozy, Romantic Apartment in Trendy Old World Gràci",Entire home/apt,FALSE,FALSE,2,FALSE,FALSE,4.8,93.6,1,2.15126,41.40222,Barcelona,weekday,Gràcia,Catalonia,ES,Spain
780.59,Little Gaudí Room w/patio view ( Co-living),Entire home/apt,FALSE,FALSE,2,FALSE,FALSE,4.9,91.4,1,2.1358,41.3722,Barcelona,weekday,Casanova,Catalonia,ES,Spain
745.26,Cozy and central room. Learn Spanish,Entire home/apt,FALSE,FALSE,2,TRUE,FALSE,4.6,98,3,2.15563,41.38192,Barcelona,weekday,l'Eixample,Catalonia,ES,Spain
547.87,spacious vacation room,Entire home/apt,FALSE,FALSE,1,FALSE,FALSE,4.8,90,1,2.11351,41.37194,Barcelona,weekday,la Florida,Catalonia,ES,Spain
975.47,Montjuïc - Charming One-bedroom,Entire home/apt,FALSE,FALSE,2,FALSE,FALSE,4.8,90,1,2.1621,41.3712,Barcelona,weekday,Satalia,Catalonia,ES,Spain
565.24,Fantastic in Gracia,Entire home/apt,FALSE,FALSE,4,FALSE,FALSE,4.7,100,1,2.15157,41.40083,Barcelona,weekday,Gràcia,Catalonia,ES,Spain
854.76,Casa Nido Diagonal - Shared room,Shared room,TRUE,FALSE,2,FALSE,FALSE,4.8,88.2,1,2.16211129,41.39623036,Barcelona,weekday,l'Eixample,Catalonia,ES,Spain
945.23,Elegant suite in restored co-living,Entire home/apt,FALSE,FALSE,3,FALSE,FALSE,4.8,95.4,1,2.16955,41.39169,Barcelona,weekday,l'Eixample,Catalonia,ES,Spain
1005.38,New ground floor studio near the metro,Entire home/apt,FALSE,FALSE,2,FALSE,FALSE,4.8,93.4,1,2.13199,41.37314,Barcelona,weekday,Poblenou,Catalonia,ES,Spain
530.89,Charming studio en Born,Entire home/apt,FALSE,FALSE,2,TRUE,FALSE,5,100,2,2.17998,41.38753,Barcelona,weekday,Old Town,Catalonia,ES,Spain
2068.98,Nice suite in renovated Co-living,Entire home/apt,FALSE,FALSE,2,FALSE,FALSE,4.7,95,2,2.16996,41.39321,Barcelona,weekday,l'Eixample,Catalonia,ES,Spain
2106.81,Bright Eixample Apartment with Balcony,Entire home/apt,FALSE,FALSE,2,FALSE,FALSE,4.6,90.8,1,2.1558,41.3941,Barcelona,weekday,l'Eixample,Catalonia,ES,Spain
172.03,Numa | Medium Room near KaDeWe,Entire home/apt,FALSE,FALSE,2,FALSE,FALSE,4.8,94.8,1,13.3527,52.5002,Berlin,weekday,Winterfeldtkiez,Brandenburg,DE,Germany
187.86,Numa | Medium Studio w/ Kitchenette near Kudamm,Entire home/apt,FALSE,FALSE,2,FALSE,FALSE,4.8,94.8,1,13.3121,52.4988,Berlin,weekday,Wilmersdorf,Brandenburg,DE,Germany
146.61,smartments - Temporary living in Berlin-Karlshorst,Entire home/apt,FALSE,FALSE,2,FALSE,FALSE,4.9,96.2,1,13.5256,52.4808,Berlin,weekday,Karlshorst,Brandenburg,DE,Germany
200.8,Numa | Large Studio near Checkpoint Charlie,Entire home/apt,FALSE,FALSE,2,FALSE,FALSE,4.8,93.4,1,13.3912,52.5047,Berlin,weekday,Kreuzberg,Brandenburg,DE,Germany
216.28,Numa | Medium Room in Berlin Mitte,Entire home/apt,FALSE,FALSE,2,TRUE,FALSE,4.8,96.4,1,13.4045,52.5256,Berlin,weekday,Mitte,Brandenburg,DE,Germany
98.08,ipartment | Studio at Berlin Airport,Entire home/apt,FALSE,FALSE,2,FALSE,FALSE,4.7,85.8,1,13.5414,52.3775,Berlin,weekday,ipartment,Brandenburg,DE,Germany
242.94,Quiet room with sunny garden,Entire home/apt,FALSE,FALSE,2,FALSE,FALSE,4.9,97.2,2,13.44945,52.47248,Berlin,weekday,Rixdorf,Brandenburg,DE,Germany
219.58,"Homaris Kreuzberg 61 ""Studio""",Entire home/apt,FALSE,FALSE,2,FALSE,FALSE,4.5,90.8,1,13.3962,52.4955,Berlin,weekday,Kreuzberg,Brandenburg,DE,Germany
200.62,Numa | Standard Room near Berlin Zoo,Entire home/apt,FALSE,FALSE,2,TRUE,FALSE,4.8,95,1,13.3387,52.5037,Berlin,weekday,Charlottenburg,Brandenburg,DE,Germany
328.61,Spacious Altbau with Airport Link,Entire home/apt,FALSE,FALSE,4,TRUE,FALSE,4.8,99,2,13.45233,52.49029,Berlin,weekday,Alt-Treptow,Brandenburg,DE,Germany
227.74,Numa | Medium Studio w/ Kitchenette near Ostkreuz,Entire home/apt,FALSE,FALSE,2,FALSE,FALSE,4.7,93.2,1,13.4664,52.5092,Berlin,weekday,Friedrichshain,Brandenburg,DE,Germany
220.31,Numa | Medium Studio with Kitchenette,Entire home/apt,FALSE,FALSE,2,FALSE,FALSE,4.8,92.6,1,13.4559,52.5118,Berlin,weekday,Friedrichshain,Brandenburg,DE,Germany
300.85,Modern designer apartment on Kurfürstendamm,Entire home/apt,FALSE,FALSE,2,FALSE,FALSE,4.9,95.6,1,13.3249,52.50313,Berlin,weekday,Charlottenburg,Brandenburg,DE,Germany
228.37,Numa | Extra Large Room near Potsdamer Platz,Entire home/apt,FALSE,FALSE,2,FALSE,FALSE,4.8,96,1,13.37916,52.50624,Berlin,weekday,Kreuzberg,Brandenburg,DE,Germany
280.27,Apartment 1 - Business-Studio - downtown - 35 sqm,Entire home/apt,FALSE,FALSE,2,TRUE,FALSE,4.8,93.6,1,13.395,52.5318,Berlin,weekday,Mitte,Brandenburg,DE,Germany
270.74,Apartment in great Location with top Equipment,Entire home/apt,FALSE,FALSE,6,FALSE,FALSE,4.8,94,1,13.4462,52.5215,Berlin,weekday,Friedrichshain,Brandenburg,DE,Germany
59.57,Generator Mitte Bed in 4 Bed Dorm Ensuite,Entire home/apt,FALSE,FALSE,2,FALSE,FALSE,4.4,88,4,13.3906,52.52621,Berlin,weekday,Mitte,Brandenburg,DE,Germany
173.14,bedroom with your own bath,Entire home/apt,FALSE,FALSE,2,TRUE,FALSE,5,99,2,13.4055,52.5538,Berlin,weekday,Prenzlauer Berg,Brandenburg,DE,Germany
165.51,Numa | Large Studio w/ Kitchen in Berlin Mitte,Entire home/apt,FALSE,FALSE,2,TRUE,FALSE,4.8,95,3,13.3998,52.5239,Berlin,weekday,Mitte,Brandenburg,DE,Germany
203.69,Stayery | Modern Studio near Boxhagener Platz,Entire home/apt,FALSE,FALSE,2,TRUE,FALSE,4.9,96.6,1,13.4668,52.5093,Berlin,weekday,Friedrichshain,Brandenburg,DE,Germany
195.18,Numa | Medium Room near Savignyplatz,Entire home/apt,FALSE,FALSE,2,FALSE,FALSE,4.9,95.6,1,13.312,52.5059,Berlin,weekday,Charlottenburg,Brandenburg,DE,Germany
165.54,Frankfurter Allee Double Apartments by Sabine,Entire home/apt,FALSE,FALSE,2,FALSE,FALSE,5,100,1,13.46815,52.5151,Berlin,weekday,Friedrichshain,Brandenburg,DE,Germany
330.79,Kreuzberg old building with tiled stove,Entire home/apt,FALSE,FALSE,2,TRUE,FALSE,4.8,96.4,1,13.3969,52.4937,Berlin,weekday,Kreuzberg,Brandenburg,DE,Germany
250.76,Numa | XL Room with Balcony near Berlin Zoo,Entire home/apt,FALSE,FALSE,2,TRUE,FALSE,4.8,94,1,13.3387,52.5037,Berlin,weekday,Charlottenburg,Brandenburg,DE,Germany
236.98,Bright and cozy flat in Friedrichshain,Entire home/apt,FALSE,FALSE,3,FALSE,FALSE,4.3,83.2,1,13.46072,52.51528,Berlin,weekday,Friedrichshain,Brandenburg,DE,Germany
333.4,"The most beautiful terrace in Charlottenburg, our super studio",Entire home/apt,FALSE,FALSE,2,FALSE,FALSE,4.8,96,1,13.32592,52.50451,Berlin,weekday,Charlottenburg,Brandenburg,DE,Germany
306.99,Separate bedroom | 57 m² flat Motzstraße (1000),Entire home/apt,FALSE,FALSE,4,TRUE,FALSE,5,98.6,1,13.3511,52.4987,Berlin,weekday,Winterfeldtkiez,Brandenburg,DE,Germany
286.19,Numa | Large Room with Bathtub in Berlin Mitte,Entire home/apt,FALSE,FALSE,2,TRUE,FALSE,4.9,97.6,1,13.4045,52.5256,Berlin,weekday,Mitte,Brandenburg,DE,Germany
195.18,Numa | Standard Room near Boxhagener Platz,Entire home/apt,FALSE,FALSE,2,TRUE,FALSE,4.9,96.2,1,13.4664,52.5129,Berlin,weekday,Friedrichshain,Brandenburg,DE,Germany
305.99,Separate living room | 57 m² flat Motzstraße (03),Entire home/apt,FALSE,FALSE,4,TRUE,FALSE,5,99.2,1,13.3511,52.4987,Berlin,weekday,Winterfeldtkiez,Brandenburg,DE,Germany
425.86,Über den Dächern von Berlin,Entire home/apt,FALSE,FALSE,2,FALSE,FALSE,4.2,93.4,1,13.31983,52.50703,Berlin,weekday,Charlottenburg,Brandenburg,DE,Germany
418.82,Modern apartment on Alexanderplatz – quiet & central,Entire home/apt,FALSE,FALSE,6,TRUE,FALSE,4.5,96.6,2,13.4178,52.5248,Berlin,weekday,Mitte,Brandenburg,DE,Germany
826.41,"Townhouse Loft Studio, Rosenthaler Pl, renoviert",Entire home/apt,FALSE,FALSE,5,FALSE,FALSE,4.8,100,1,13.40286,52.53182,Berlin,weekday,Mitte,Brandenburg,DE,Germany
414.42,Cosy and exclusive apartment with roof terrace,Entire home/apt,FALSE,FALSE,4,FALSE,FALSE,4.5,96.6,2,13.30917,52.50232,Berlin,weekday,Charlottenburg,Brandenburg,DE,Germany
332.71,MC503 - rooftop apartment - best public transport,Entire home/apt,FALSE,FALSE,4,FALSE,FALSE,4.7,92.8,1,13.50501,52.50859,Berlin,weekday,Friedrichsfelde,Brandenburg,DE,Germany
636.69,Beautiful two-room apartment on the 4th floor with plenty of space,Entire home/apt,FALSE,FALSE,4,TRUE,FALSE,5,100,2,13.4641,52.4978,Berlin,weekday,Friedrichshain,Brandenburg,DE,Germany
471.95,Studio apartment in the garden house,Entire home/apt,FALSE,FALSE,2,TRUE,FALSE,4.8,96.8,1,13.3969,52.4937,Berlin,weekday,Kreuzberg,Brandenburg,DE,Germany
358.32,Modern apartment in Berlin Mitte,Entire home/apt,FALSE,FALSE,2,FALSE,FALSE,4.6,89.2,1,13.4173,52.5228,Berlin,weekday,Mitte,Brandenburg,DE,Germany
284.23,Studio for 2 with Balcony at Potsdamer Platz,Entire home/apt,FALSE,FALSE,2,TRUE,FALSE,5,98.2,1,13.37566,52.50409,Berlin,weekday,Kreuzberg,Brandenburg,DE,Germany
521.25,100sqm Luxury Apt in Prime Location near Ku'Damm,Entire home/apt,FALSE,FALSE,4,FALSE,FALSE,5,98,2,13.32633,52.50625,Berlin,weekday,Charlottenburg,Brandenburg,DE,Germany
857.14,Luxury Altbau in Charlottenburg. Elegant and Quiet,Entire home/apt,FALSE,FALSE,5,FALSE,FALSE,5,99.4,3,13.31019,52.50499,Berlin,weekday,Charlottenburg,Brandenburg,DE,Germany
374.55,Apartment at Potsdamer Platz,Entire home/apt,FALSE,FALSE,2,TRUE,FALSE,5,93.4,1,13.3746,52.5039,Berlin,weekday,Tiergarten,Brandenburg,DE,Germany
334.63,Stylish 1BR in the Heart of Berlin,Entire home/apt,FALSE,FALSE,2,FALSE,FALSE,4.7,100,1,13.39004,52.50325,Berlin,weekday,Kreuzberg,Brandenburg,DE,Germany
397.61,Modernes Superior Apartment in ruhiger Lage,Entire home/apt,FALSE,FALSE,7,FALSE,FALSE,4.6,88,2,13.52535,52.51811,Berlin,weekday,Marzahn,Brandenburg,DE,Germany
286.19,Studio for 2 at Potsdamer Platz,Entire home/apt,FALSE,FALSE,2,TRUE,FALSE,5,100,1,13.3744,52.5039,Berlin,weekday,Tiergarten,Brandenburg,DE,Germany
438.13,Eco-Friendly Urban Loft 70sqm Entire Apartment,Entire home/apt,FALSE,FALSE,3,TRUE,FALSE,4.8,98.4,1,13.46918,52.50496,Berlin,weekday,Friedrichshain,Brandenburg,DE,Germany
662.2,Spacious designer loft in central quiet location,Entire home/apt,FALSE,FALSE,6,TRUE,FALSE,4.4,88.6,3,13.30977,52.47025,Berlin,weekday,Wilmersdorf,Brandenburg,DE,Germany
544.59,Cozy apartment in the heart of Friedrichshain,Entire home/apt,FALSE,FALSE,2,TRUE,FALSE,4.8,97.4,2,13.46599,52.51358,Berlin,weekday,Friedrichshain,Brandenburg,DE,Germany
665,"Bright modern Loft, Tiergarten",Entire home/apt,FALSE,FALSE,4,TRUE,FALSE,4.9,99.6,2,13.37746,52.50587,Berlin,weekday,Kreuzberg,Brandenburg,DE,Germany
878.75,Beautiful 3-room apartment for families and groups,Entire home/apt,FALSE,FALSE,7,TRUE,FALSE,5,100,3,13.4641,52.4978,Berlin,weekday,Friedrichshain,Brandenburg,DE,Germany
937.83,"Central Berlin, Yet Peacefully Quiet",Entire home/apt,FALSE,FALSE,6,TRUE,FALSE,4.8,98.8,3,13.4176,52.5396,Berlin,weekday,Prenzlauer Berg,Brandenburg,DE,Germany
577.36,Loft by RC | Unique Style 230 sqm up to 10 guests,Entire home/apt,FALSE,FALSE,10,TRUE,FALSE,4.4,91.2,4,13.2889,52.511,Berlin,weekday,Charlottenburg,Brandenburg,DE,Germany
337.31,Cosy Appartment in the Courtyard,Entire home/apt,FALSE,FALSE,2,TRUE,FALSE,4.8,96,1,13.3965,52.4938,Berlin,weekday,Kreuzberg,Brandenburg,DE,Germany
321.35,Alice apartment,Entire home/apt,FALSE,FALSE,4,TRUE,FALSE,5,99.6,1,19.04862,47.45803,Budapest,weekday,11th district,Budapest,HU,Hungary
162.94,2 room Apartment at Újbuda Center,Entire home/apt,FALSE,FALSE,2,FALSE,FALSE,4.9,94.2,1,19.05288,47.47658,Budapest,weekday,11th district,Budapest,HU,Hungary
197.62,77 sq meter apt for long let at Basilica,Entire home/apt,FALSE,FALSE,4,TRUE,FALSE,4.6,94.8,2,19.0555,47.50041,Budapest,weekday,6th district,Budapest,HU,Hungary
145.85,Jozsef 7B Room 2 Co-living City Centre,Entire home/apt,FALSE,FALSE,2,FALSE,FALSE,4.8,100,1,19.07089,47.48983,Budapest,weekday,Csarnoknegyed,Budapest,HU,Hungary
156.77,Elegance Room 3 Co-living City Centre,Entire home/apt,FALSE,FALSE,2,FALSE,FALSE,4.7,100,1,19.07753,47.49408,Budapest,weekday,Magdolnanegyed,Budapest,HU,Hungary
78.29,"Small, fresh flat in the city center (Nagymező 32)",Entire home/apt,FALSE,FALSE,3,FALSE,FALSE,4.6,92.6,1,19.059,47.5042,Budapest,weekday,6th district,Budapest,HU,Hungary
288.68,_Family Comfort Apartment_with AC  and terrace,Entire home/apt,FALSE,FALSE,6,TRUE,FALSE,5,100,2,19.0802,47.4922,Budapest,weekday,Magdolnanegyed,Budapest,HU,Hungary
168.88,Spacious apartment in hip neighborhood,Entire home/apt,FALSE,FALSE,2,FALSE,FALSE,4.6,96.6,1,19.0828,47.4804,Budapest,weekday,9th district,Budapest,HU,Hungary
157.41,".Green Square Studio Apartment.with AC, terrace",Entire home/apt,FALSE,FALSE,2,TRUE,FALSE,5,95.8,1,19.0791,47.4924,Budapest,weekday,Magdolnanegyed,Budapest,HU,Hungary
126.21,Elegant Urban Nest,Entire home/apt,FALSE,FALSE,3,FALSE,FALSE,4.8,95.2,1,19.0281,47.4898,Budapest,weekday,12th district,Budapest,HU,Hungary
157.41,Corvin4U - cozy studio in the center with A/C,Entire home/apt,FALSE,FALSE,2,FALSE,FALSE,4.8,97.8,1,19.07203,47.486,Budapest,weekday,Corvinnegyed,Budapest,HU,Hungary
126.21,Cozy Apartment•Free Parking•AC•Balcony•Near M0,Entire home/apt,FALSE,FALSE,4,TRUE,FALSE,4.8,96.2,1,19.0599,47.4068,Budapest,weekday,Csepel-Csillagtelep,Budapest,HU,Hungary
159.8,Nice City Room 9 Co-living Innovation Hub,Entire home/apt,FALSE,FALSE,2,FALSE,FALSE,3.7,80,1,19.0648,47.48762,Budapest,weekday,9th district,Budapest,HU,Hungary
176.1,Blue One at Kalvin Square,Entire home/apt,FALSE,FALSE,3,TRUE,FALSE,4.7,97.6,1,19.0659,47.4889,Budapest,weekday,Palotanegyed,Budapest,HU,Hungary
320.79,Max 8 person  3 rooms  85sqm monthly discount 50 %,Entire home/apt,FALSE,FALSE,8,TRUE,FALSE,4.8,94.8,3,19.06798,47.48219,Budapest,weekday,9th district,Budapest,HU,Hungary
369.25,PREMIUM ACADEMIAN GARDEN  apartment-FREE GARAGE!,Entire home/apt,FALSE,FALSE,4,TRUE,FALSE,5,99.2,1,19.0731,47.4743,Budapest,weekday,9th district,Budapest,HU,Hungary
175.62,Podmaniczky Room 4- Co-living Private Bathroom,Private room,FALSE,TRUE,2,FALSE,FALSE,4.7,100,1,19.06824,47.51528,Budapest,weekday,6th district,Budapest,HU,Hungary
151.9,Budapest - waiting 4U,Entire home/apt,FALSE,FALSE,3,FALSE,FALSE,4.6,92,2,19.07223,47.48948,Budapest,weekday,Corvinnegyed,Budapest,HU,Hungary
234.6,"Corvin boutique apt deluxe & comfort, fast WiFi",Entire home/apt,FALSE,FALSE,4,TRUE,FALSE,5,99,1,19.077,47.486,Budapest,weekday,Corvinnegyed,Budapest,HU,Hungary
312,Modern Quiet Apartment • 2 min to Metro M4 & Allee,Entire home/apt,FALSE,FALSE,4,TRUE,FALSE,4.8,98,1,19.0477,47.4721,Budapest,weekday,11th district,Budapest,HU,Hungary
254.82,1 bedroom delux apt with patio & fast WiFi,Entire home/apt,FALSE,FALSE,4,TRUE,FALSE,4.9,97.8,1,19.077,47.486,Budapest,weekday,Corvinnegyed,Budapest,HU,Hungary
252.12,"Smart, Stylish Apartment In The Heart Of Budapest",Entire home/apt,FALSE,FALSE,2,TRUE,FALSE,4.9,98.2,1,19.0574,47.4975,Budapest,weekday,7th district,Budapest,HU,Hungary
266.55,Central Loft by Riverside,Entire home/apt,FALSE,FALSE,2,FALSE,FALSE,4.6,93.4,1,19.0514,47.4936,Budapest,weekday,Pest,Budapest,HU,Hungary
151.87,Royal Studio3 @ the heart of the city,Entire home/apt,FALSE,FALSE,4,TRUE,FALSE,4.8,97,1,19.0662,47.4907,Budapest,weekday,Palotanegyed,Budapest,HU,Hungary
159.06,Phoenix Apartment - Himalayan Salt Wall & Central,Entire home/apt,FALSE,FALSE,2,TRUE,FALSE,5,98,1,19.0683,47.4977,Budapest,weekday,7th district,Budapest,HU,Hungary
163.41,Corvin Promenade 2022 New Building with terrace,Entire home/apt,FALSE,FALSE,4,TRUE,FALSE,4.7,96.2,1,19.0777,47.4858,Budapest,weekday,Corvinnegyed,Budapest,HU,Hungary
352.06,Fancy residence | private parking | garden,Private room,FALSE,TRUE,4,TRUE,FALSE,4.8,97.4,1,19.07284,47.48728,Budapest,weekday,Corvinnegyed,Budapest,HU,Hungary
193.48,Designer Atelier Apartment in City Center,Entire home/apt,FALSE,FALSE,2,FALSE,FALSE,4.5,94.4,1,19.0717,47.5042,Budapest,weekday,7th district,Budapest,HU,Hungary
201.31,Premium Home Residence – elevated comfort stay,Entire home/apt,FALSE,FALSE,4,TRUE,FALSE,4.4,88,1,19.07294,47.47577,Budapest,weekday,9th district,Budapest,HU,Hungary
39.18,"A high-end, fully equipped hotel studio with a modern, tourist-oriented design",Entire home/apt,FALSE,FALSE,2,FALSE,FALSE,4.9,100,1,31.2457,30.0456,Cairo,weekday,Abdin,Cairo,EG,Egypt
31.19,Villa Maadi 35 - R 201 -Street View Room,Entire home/apt,FALSE,FALSE,2,TRUE,FALSE,5,100,3,31.2778,29.9719,Cairo,weekday,El Maadi El Gadida,Cairo,EG,Egypt
15.76,Private Room/Bath on Iconic Pyramids Road Giza,Private room,FALSE,TRUE,1,TRUE,FALSE,5,100,1,31.19647,30.00303,Cairo,weekday,Officer's Housing,Giza,EG,Egypt
78.56,The Charm apartment / Close to French institue,Entire home/apt,FALSE,FALSE,2,FALSE,FALSE,4.8,96,2,31.24144586,30.03913635,Cairo,weekday,Bab al Luq,Cairo,EG,Egypt
20.16,"5G WiFi 30Mbps, AC-Private Rm w/Balcony,Heliopolis",Private room,FALSE,TRUE,1,TRUE,FALSE,4.8,99.4,2,31.3047,30.09337,Cairo,weekday,Al-Zaitoun,Cairo,EG,Egypt
82.97,"Cozy Sky Retreat With Jaccuzi, Pergola & Nature",Entire home/apt,FALSE,FALSE,3,FALSE,FALSE,5,99.2,1,31.3289,30.0861,Cairo,weekday,Heliopolis,Cairo,EG,Egypt
23.96,Calm Home in Central Cairo | Near Tahrir,Entire home/apt,FALSE,FALSE,1,TRUE,FALSE,4.8,100,1,31.2352,30.03957,Cairo,weekday,Bab al Luq,Cairo,EG,Egypt
54.48,Cozy Appartment in the Heart of Heliopolis,Entire home/apt,FALSE,FALSE,2,TRUE,FALSE,5,100,1,31.32179,30.09313,Cairo,weekday,Heliopolis,Cairo,EG,Egypt
54.48,elegant mona studio,Entire home/apt,FALSE,FALSE,2,TRUE,FALSE,4.9,97.8,1,31.28334,30.01879,Cairo,weekday,Manshiet Naser,Cairo,EG,Egypt
30.5,Private Room(#3) in ASU view apartment,Private room,FALSE,TRUE,1,TRUE,FALSE,4.9,100,3,31.2824,30.0785,Cairo,weekday,El-Demerdash,Cairo,EG,Egypt
23.96,Stunning Panoramic Cairo View Room - Men Only,Entire home/apt,FALSE,FALSE,1,TRUE,FALSE,5,100,1,31.3369,29.9892,Cairo,weekday,Ebad El Rahman City,Cairo,EG,Egypt
23.96,"A simple full house in Maadi, next to the Metro and the Nile River",Entire home/apt,FALSE,FALSE,1,TRUE,FALSE,5,100,1,31.25141168,29.96192641,Cairo,weekday,Ma‘adi Al Khahiri,Cairo,EG,Egypt
94.17,"4 Rent
Elegant & bright apartment at Sarayat Maadi",Entire home/apt,FALSE,FALSE,4,TRUE,FALSE,4.8,95.4,2,31.2678,29.9658,Cairo,weekday,Ma‘adi,Cairo,EG,Egypt
37.36,Peaceful Room with Tree View in Maadi · Void Space,Entire home/apt,FALSE,FALSE,1,TRUE,FALSE,5,100,1,31.2742,29.9646,Cairo,weekday,Ma‘adi,Cairo,EG,Egypt
27.69,Private Room #1 with Private full bathroom ASUView,Private room,FALSE,TRUE,1,TRUE,FALSE,4.8,100,3,31.28648154,30.08176273,Cairo,weekday,El Khasa,Cairo,EG,Egypt
66.01,grey | studio apartments Downtown Cairo OZ,Entire home/apt,FALSE,FALSE,2,TRUE,FALSE,4.8,97.6,2,31.24051,30.05138,Cairo,weekday,Bab al Luq,Cairo,EG,Egypt
115.96,Bright Cozy Zamalek Retreat,Entire home/apt,FALSE,FALSE,3,TRUE,FALSE,4.8,99,1,31.2241,30.0598,Cairo,weekday,Zamalek,Cairo,EG,Egypt
20.1,Nefertiti  private single room with balcony,Private room,FALSE,TRUE,1,TRUE,FALSE,4.8,100,1,31.27687,29.95935,Cairo,weekday,Masaken Nerco,Cairo,EG,Egypt
38.8,Joy homes - Downtown Cairo,Entire home/apt,FALSE,FALSE,5,FALSE,FALSE,4.9,100,2,31.23715,30.05054,Cairo,weekday,Bab al Luq,Cairo,EG,Egypt
59.35,luxurious hidden gem in mokkatam,Entire home/apt,FALSE,FALSE,2,TRUE,FALSE,5,99,1,31.28571,30.01856,Cairo,weekday,Manshiet Naser,Cairo,EG,Egypt
54.48,cozy two bedroom flat maadi nerco,Entire home/apt,FALSE,FALSE,6,FALSE,FALSE,4.8,97.8,2,31.2852,29.9626,Cairo,weekday,Masaken Nerco,Cairo,EG,Egypt
52.34,Calm Room with Artistic Touches | Near Tahrir,Entire home/apt,FALSE,FALSE,1,TRUE,FALSE,4.9,100,1,31.23687,30.03773,Cairo,weekday,Bab al Luq,Cairo,EG,Egypt
52.81,Maadi Club House Rooftop Studio,Entire home/apt,FALSE,FALSE,4,FALSE,FALSE,4.8,97,1,31.27941,29.9788,Cairo,weekday,El Maadi El Gadida,Cairo,EG,Egypt
75.23,Heritage Rooftop 2BR Apt in Downtown - Mint 67,Entire home/apt,FALSE,FALSE,4,TRUE,FALSE,5,98.4,2,31.2435,30.0491,Cairo,weekday,Bab al Luq,Cairo,EG,Egypt
43.2,Modern Luxury Apartment in Mokattam Prime Location,Entire home/apt,FALSE,FALSE,2,TRUE,FALSE,4.8,100,1,31.3427,30.0071,Cairo,weekday,Golden Gates Compound,Cairo,EG,Egypt
124.59,"Luxury hotel apartment in Mohandeseen, Al-Dawl University Street",Entire home/apt,FALSE,FALSE,3,TRUE,FALSE,5,100,1,31.1985,30.0504,Cairo,weekday,El Mohandesin,Giza,EG,Egypt
92.93,Maadi Modern Private Studio 6,Private room,FALSE,TRUE,4,TRUE,FALSE,5,100,1,31.2735,29.9754,Cairo,weekday,Ma‘adi,Cairo,EG,Egypt
92.25,Beautiful and cosy apartment 5 mins to Downtown,Entire home/apt,FALSE,FALSE,3,TRUE,FALSE,4.8,97.8,1,31.2322,30.0321,Cairo,weekday,Al-Sayyida Zeinab,Cairo,EG,Egypt
60.33,Modern Luxury Apartment in Maadi | Stylish & Cozy,Entire home/apt,FALSE,FALSE,3,TRUE,FALSE,4.9,98.4,1,31.30894,29.95929,Cairo,weekday,Zahraa Al Maadi Area 3,Cairo,EG,Egypt
71.8,Green Birch | Maadi's Home,Entire home/apt,FALSE,FALSE,3,TRUE,FALSE,5,100,1,31.25894262,29.95620534,Cairo,weekday,Ma‘adi Al Khahiri,Cairo,EG,Egypt
66.01,grey | studio apartments Downtown Cairo OZ,Entire home/apt,FALSE,FALSE,2,TRUE,FALSE,4.8,97,1,31.24265,30.05091,Cairo,weekday,Al-Azbakeya,Cairo,EG,Egypt
79.44,Cozy Modern Studio with Skyline View,Entire home/apt,FALSE,FALSE,2,TRUE,FALSE,4.8,98,1,31.20643,30.06234,Cairo,weekday,El Agouza,Giza,EG,Egypt
107.84,NEW CAIRO Mirage City 1 BRD,Entire home/apt,FALSE,FALSE,3,FALSE,FALSE,4.8,97.4,1,31.45232,30.07635,Cairo,weekday,El Tagamoa El Awal,Cairo,EG,Egypt
63.45,1BR Panoramic View Near Airport,Entire home/apt,FALSE,FALSE,3,TRUE,FALSE,4.9,99.4,1,31.34164231,30.08577655,Cairo,weekday,Heliopolis,Cairo,EG,Egypt
68.36,Modern Studio W Patio in Cairo Center By The Nile,Entire home/apt,FALSE,FALSE,3,TRUE,FALSE,5,100,1,31.23694,30.03787,Cairo,weekday,Bab al Luq,Cairo,EG,Egypt
114.77,house of Art a Family-friendly near airport home,Entire home/apt,FALSE,FALSE,4,TRUE,FALSE,5,100,2,31.3251,30.0962,Cairo,weekday,Heliopolis,Cairo,EG,Egypt
179.3,Sandoa - 2 bedrooms in Lapa,Entire home/apt,FALSE,FALSE,4,FALSE,FALSE,4.8,100,2,-9.16796,38.70633,Lisbon,weekday,Prazeres,Lisbon,PT,Portugal
34.26,Beautiful interior room in Alameda,Entire home/apt,FALSE,FALSE,3,FALSE,FALSE,4.7,73.4,2,-9.134,38.7382,Lisbon,weekday,Areeiro,Lisbon,PT,Portugal
190.6,Calm Apartment in Telheiras,Entire home/apt,FALSE,FALSE,2,FALSE,FALSE,4.6,95.2,1,-9.1661,38.755,Lisbon,weekday,Campo Grande,Lisbon,PT,Portugal
135.28,"One-bedroom apartment in São Bento, bright and with an outdoor space.",Entire home/apt,FALSE,FALSE,2,FALSE,FALSE,4.8,90,1,-9.1523,38.712,Lisbon,weekday,São Bento,Lisbon,PT,Portugal
54,"1Q4-Biggest Bedroom | Graça, City Center",Entire home/apt,FALSE,FALSE,2,TRUE,FALSE,5,100,2,-9.13444,38.71776,Lisbon,weekday,Santa Maria Maior,Lisbon,PT,Portugal
42.96,Private room City Center,Private room,FALSE,TRUE,2,FALSE,FALSE,4.5,76.6,1,-9.134,38.7382,Lisbon,weekday,Areeiro,Lisbon,PT,Portugal
170.76,Apartment no Downtown Lisbon,Entire home/apt,FALSE,FALSE,2,TRUE,FALSE,4.8,100,1,-9.1575,38.7078,Lisbon,weekday,Prazeres,Lisbon,PT,Portugal
110.23,Cozy and quiet private room in Lisbon,Private room,FALSE,TRUE,1,FALSE,FALSE,4.9,100,1,-9.16824,38.7151,Lisbon,weekday,Santa Isabel,Lisbon,PT,Portugal
162.84,(4) Central Room in Lisbon - w/ Marquise & A/C,Entire home/apt,FALSE,FALSE,1,TRUE,FALSE,4.9,98,2,-9.1324,38.7306,Lisbon,weekday,Santa Maria Maior,Lisbon,PT,Portugal
140.68,Angels and devils - room in Anjos,Entire home/apt,FALSE,FALSE,3,TRUE,FALSE,4.8,97,2,-9.13651,38.72368,Lisbon,weekday,Anjos,Lisbon,PT,Portugal
282.95,Bleisured | Luxury & central apartment in Chiado,Entire home/apt,FALSE,FALSE,8,TRUE,FALSE,5,100,4,-9.14258,38.71025,Lisbon,weekday,Santa Maria Maior,Lisbon,PT,Portugal
114.62,"Coquette Home Lisbon - Guesthouse, Quarto Savana",Entire home/apt,FALSE,FALSE,1,TRUE,FALSE,5,96,1,-9.1314,38.7336,Lisbon,weekday,Penha de França,Lisbon,PT,Portugal
37.78,Fully Furnished Bedroom Saldanha,Entire home/apt,FALSE,FALSE,2,FALSE,FALSE,4.7,76.6,1,-9.1451,38.7385,Lisbon,weekday,Campo Pequeno,Lisbon,PT,Portugal
160.83,Ajuda Boutique@Cozy apartment with private parking,Private room,FALSE,TRUE,2,TRUE,FALSE,4.3,100,1,-9.18843,38.70521,Lisbon,weekday,Santo Amaro,Lisbon,PT,Portugal
38.56,Luminous bedroom Lisbon center,Entire home/apt,FALSE,FALSE,1,FALSE,FALSE,3.3,80,1,-9.13553,38.73078,Lisbon,weekday,Anjos,Lisbon,PT,Portugal
40.76,Cozy Double Room in Prime Lisbon Location,Entire home/apt,FALSE,FALSE,1,FALSE,FALSE,4,80,1,-9.151,38.72919,Lisbon,weekday,Campo Pequeno,Lisbon,PT,Portugal
33.77,Stunning single room in Saldanha,Entire home/apt,FALSE,FALSE,1,FALSE,FALSE,4.7,85,1,-9.149,38.7366,Lisbon,weekday,Campo Pequeno,Lisbon,PT,Portugal
218.45,Entire House In Campolide,Entire home/apt,FALSE,FALSE,6,FALSE,FALSE,4.8,88,2,-9.16622,38.72342,Lisbon,weekday,Campolide,Lisbon,PT,Portugal
134.21,NEWLY Renovated Bica Gem,Entire home/apt,FALSE,FALSE,2,TRUE,FALSE,4.8,94,1,-9.14568,38.70932,Lisbon,weekday,Misericórdia,Lisbon,PT,Portugal
141.58,"Stylish 3BR w/ 2 Baths, 3 Double Beds & Balcony",Entire home/apt,FALSE,FALSE,3,FALSE,FALSE,4.8,96,3,-9.14278,38.75432,Lisbon,weekday,Campo Grande,Lisbon,PT,Portugal
197.14,Serene & modern Graça apartment,Entire home/apt,FALSE,FALSE,2,FALSE,FALSE,4.6,94,1,-9.12878,38.71926,Lisbon,weekday,São Vicente,Lisbon,PT,Portugal
145.44,FLH Alcântara Elegant Charm with Balcony,Entire home/apt,FALSE,FALSE,3,FALSE,FALSE,4.5,88,2,-9.1803,38.7057,Lisbon,weekday,Santo Amaro,Lisbon,PT,Portugal
324.89,Chic Lisbon Hideaway by FeelingInn,Entire home/apt,FALSE,FALSE,2,FALSE,FALSE,4.6,100,1,-9.15901,38.71726,Lisbon,weekday,Santa Isabel,Lisbon,PT,Portugal
569.24,Lisbon Center Charm Apartment -Santos,Entire home/apt,FALSE,FALSE,3,TRUE,FALSE,4.8,98,1,-9.15211,38.71023,Lisbon,weekday,Estrela,Lisbon,PT,Portugal
359.83,Panorama View Apartment,Entire home/apt,FALSE,FALSE,4,FALSE,FALSE,4.7,90.8,2,-9.13202,38.73232,Lisbon,weekday,Santa Maria Maior,Lisbon,PT,Portugal
202.64,Sunny 1bdr Campo Ourique Apt,Entire home/apt,FALSE,FALSE,2,TRUE,FALSE,4.6,90,1,-9.1692,38.7191,Lisbon,weekday,Santa Isabel,Lisbon,PT,Portugal
270.28,Bleisured | Stylish 2-bedroom apartment in Carmo,Entire home/apt,FALSE,FALSE,4,TRUE,FALSE,5,100,2,-9.1419,38.7132,Lisbon,weekday,Santa Maria Maior,Lisbon,PT,Portugal
270.28,1-bed apartment Av. Liberdade (min 1 month),Entire home/apt,FALSE,FALSE,2,TRUE,FALSE,4.8,100,1,-9.1463,38.7196,Lisbon,weekday,Santa Maria Maior,Lisbon,PT,Portugal
187.84,Stay em Santos (Self Check In Available 24/7),Entire home/apt,FALSE,FALSE,3,TRUE,FALSE,5,100,1,-9.1526,38.7079,Lisbon,weekday,Prazeres,Lisbon,PT,Portugal
692.51,Exclusive Apartment - Alcântara Factory 1.1,Entire home/apt,FALSE,FALSE,4,TRUE,FALSE,5,96.6,1,-9.17783,38.70353,Lisbon,weekday,Santo Amaro,Lisbon,PT,Portugal
225.1,Serene Lisbon Retreat in Authentic Neighbourhood,Entire home/apt,FALSE,FALSE,4,TRUE,FALSE,4.9,95,1,-9.16149,38.72841,Lisbon,weekday,Campolide,Lisbon,PT,Portugal
217.43,Charming 1-Bedroom Apartment in the Heart of Graça,Entire home/apt,FALSE,FALSE,2,TRUE,FALSE,4.8,93.4,1,-9.13128,38.71512,Lisbon,weekday,São Vicente,Lisbon,PT,Portugal
231.7,MY LX FLAT Bright and Stylish Studio in Graça,Entire home/apt,FALSE,FALSE,2,TRUE,FALSE,4.9,96.2,1,-9.13009,38.71946,Lisbon,weekday,São Vicente,Lisbon,PT,Portugal
236.94,Modern Studio Near LX Factory,Entire home/apt,FALSE,FALSE,3,TRUE,FALSE,4.8,96,1,-9.1808,38.7025,Lisbon,weekday,Santo Amaro,Lisbon,PT,Portugal
315.66,Perfect for great Food and long walks!,Entire home/apt,FALSE,FALSE,4,TRUE,FALSE,5,100,1,-9.1526,38.7089,Lisbon,weekday,Bairro Alto,Lisbon,PT,Portugal
256.77,St. Michael Studio with Amazing view in Alfama,Entire home/apt,FALSE,FALSE,3,FALSE,FALSE,4.6,91.4,1,-9.1293,38.7108,Lisbon,weekday,Santa Maria Maior,Lisbon,PT,Portugal
230.83,"Lovely studio flat, W6 7LS",Entire home/apt,FALSE,FALSE,2,FALSE,FALSE,4.8,96.8,1,-0.22085,51.49979,London,weekday,Brook Green,England,GB,United Kingdom
123.67,Large Double Room - Excellent views,Entire home/apt,FALSE,FALSE,2,FALSE,FALSE,4.5,100,1,-0.21373,51.44697,London,weekday,Southfields,England,GB,United Kingdom
288.96,"Studio Flat in Wimbledon Park, London.",Entire home/apt,FALSE,FALSE,2,TRUE,FALSE,4.7,97.6,1,-0.2108,51.4444,London,weekday,Southfields,England,GB,United Kingdom
68.74,Small single bedroom overlooking front garden/road,Entire home/apt,FALSE,FALSE,1,FALSE,FALSE,4.6,89,2,-0.20928,51.40544,London,weekday,Merton Park,England,GB,United Kingdom
116.22,Cosy budget room (3) 2min underground to central,Entire home/apt,FALSE,FALSE,2,FALSE,FALSE,4.8,89,1,-0.16095,51.43345,London,weekday,Furzedown,England,GB,United Kingdom
201.33,Spacious room with Queen size bed near Wimbledon,Entire home/apt,FALSE,FALSE,2,TRUE,FALSE,4.9,99,1,-0.21274,51.45162,London,weekday,Putney,England,GB,United Kingdom
190.06,Rodeo room,Entire home/apt,FALSE,FALSE,2,FALSE,FALSE,5,100,1,-0.1858,51.4633,London,weekday,Wandsworth,England,GB,United Kingdom
192.67,Peaceful place,Entire home/apt,FALSE,FALSE,2,TRUE,FALSE,4.8,96.8,2,-0.18823,51.45854,London,weekday,Wandsworth,England,GB,United Kingdom
231.28,Studio at Florence Dock Battersea,Entire home/apt,FALSE,FALSE,2,TRUE,FALSE,4.7,95.6,1,-0.18071,51.4664,London,weekday,Battersea,England,GB,United Kingdom
132.61,Discounted box room close to tube/train,Entire home/apt,FALSE,FALSE,2,FALSE,FALSE,4.4,96,1,-0.22294,51.46355,London,weekday,Putney,England,GB,United Kingdom
353.45,Near Wimbledon• Stylish 2 Bed Penthouse w/Balcony,Entire home/apt,FALSE,FALSE,4,FALSE,FALSE,4.8,93.4,2,-0.19063,51.4538,London,weekday,Wandsworth,England,GB,United Kingdom
146.03,Cosy Private Room in a Family Home,Private room,FALSE,TRUE,2,FALSE,FALSE,4.7,100,3,-0.2128,51.4472,London,weekday,Southfields,England,GB,United Kingdom
148.21,Stylish private & peaceful room in home,Private room,FALSE,TRUE,1,TRUE,FALSE,4.6,97.2,3,-0.2112,51.449,London,weekday,Southfields,England,GB,United Kingdom
85.48,A Cosy room in Thornton Heath,Entire home/apt,FALSE,FALSE,3,TRUE,FALSE,5,95,2,-0.12004,51.39484,London,weekday,Thornton Heath,England,GB,United Kingdom
170.34,Garden Home Between the Commons.,Entire home/apt,FALSE,FALSE,1,FALSE,FALSE,4.8,100,1,-0.16413,51.45757,London,weekday,Clapham Junction,England,GB,United Kingdom
172.29,Wimbledon Chase Double Bedroom,Entire home/apt,FALSE,FALSE,2,FALSE,FALSE,4.5,96.2,1,-0.21024,51.41062,London,weekday,Merton Park,England,GB,United Kingdom
249.53,"Bright double bedroom in Southfields, Wimbledon",Entire home/apt,FALSE,FALSE,2,FALSE,FALSE,4.9,100,1,-0.20639,51.44402,London,weekday,Southfields,England,GB,United Kingdom
654.64,Chic 2BDR Retreat in Wandsworth Town,Entire home/apt,FALSE,FALSE,4,FALSE,FALSE,4.8,90.4,2,-0.18773,51.45913,London,weekday,Wandsworth,England,GB,United Kingdom
83.24,Lovely double in East Putney!,Entire home/apt,FALSE,FALSE,1,FALSE,FALSE,5,81.2,4,-0.21565,51.45421,London,weekday,Putney,England,GB,United Kingdom
131.39,"Luxury En-suite+Gym, 10 min walk to Richmond Park!",Entire home/apt,FALSE,FALSE,2,FALSE,FALSE,4.8,100,1,-0.24209,51.45344,London,weekday,Roehampton,England,GB,United Kingdom
200.27,Peaceful & spacious Double ensuite Loft bedroom,Entire home/apt,FALSE,FALSE,2,TRUE,FALSE,4,94.8,1,-0.21171,51.44998,London,weekday,Southfields,England,GB,United Kingdom
195.91,Modern Double Room | 5 min to 4 Tube Lines & Rail,Entire home/apt,FALSE,FALSE,2,TRUE,FALSE,4.5,94.8,1,-0.22305,51.48606,London,weekday,Hammersmith,England,GB,United Kingdom
569.24,Tooting | Uptown Studio,Entire home/apt,FALSE,FALSE,2,FALSE,FALSE,4.9,80,1,-0.16166,51.43347,London,weekday,Furzedown,England,GB,United Kingdom
198.09,Florence House Room 1 for up to 2 guests sharing,Entire home/apt,FALSE,FALSE,2,FALSE,FALSE,4.6,80,1,-0.1283,51.4445,London,weekday,Streatham Hill,England,GB,United Kingdom
129.17,Single Bdr with Desk - 15 min to Central London,Entire home/apt,FALSE,FALSE,2,TRUE,FALSE,4.8,96.6,1,-0.18705,51.44385,London,weekday,Earlsfield,England,GB,United Kingdom
129.86,Double bedroom near St George’ hospital/university,Entire home/apt,FALSE,FALSE,1,FALSE,FALSE,4.6,94,1,-0.1778,51.4231,London,weekday,Collier's Wood,England,GB,United Kingdom
285.87,Hidden Putney,Entire home/apt,FALSE,FALSE,2,FALSE,FALSE,4.7,90,2,-0.22018,51.46063,London,weekday,Putney,England,GB,United Kingdom
239.66,Raynes Park family studio,Entire home/apt,FALSE,FALSE,3,FALSE,FALSE,4.9,98.3,1,-0.2182,51.4109,London,weekday,Raynes Park,England,GB,United Kingdom
190.86,Lovely double Bedroom/ Bath/Jaccuzi  in House,Entire home/apt,FALSE,FALSE,2,FALSE,FALSE,4.6,100,1,-0.24377,51.49035,London,weekday,Hammersmith,England,GB,United Kingdom
120.8,Bio Room Double 19” Victoria - next to Wimbledon,Entire home/apt,FALSE,FALSE,2,TRUE,FALSE,4.8,100,1,-0.15064,51.40296,London,weekday,Mitcham,England,GB,United Kingdom
226,Compact Self-Contained Studio Room in Chelsea,Entire home/apt,FALSE,FALSE,1,FALSE,FALSE,4.8,100,1,-0.183,51.4828,London,weekday,Brompton,England,GB,United Kingdom
220.67,Cheerful Private Room in London Wimbledon,Private room,FALSE,TRUE,1,TRUE,FALSE,4.6,95.4,3,-0.20126,51.41744,London,weekday,Merton Park,England,GB,United Kingdom
325.08,Chelsea Flat by the River,Entire home/apt,FALSE,FALSE,3,FALSE,FALSE,4.9,100,1,-0.18227,51.47316,London,weekday,Fulham,England,GB,United Kingdom
246.94,Gorgeous flat in Streatham South London,Entire home/apt,FALSE,FALSE,2,TRUE,FALSE,4.6,99,1,-0.1345,51.42469,London,weekday,Streatham,England,GB,United Kingdom
124.77,Cosy Attic Room in Trendy Tooting,Entire home/apt,FALSE,FALSE,2,TRUE,FALSE,4.9,99,1,-0.15595,51.42715,London,weekday,Furzedown,England,GB,United Kingdom
448.5,Bright 1BR Flat with Easy Access to City Center,Entire home/apt,FALSE,FALSE,2,FALSE,FALSE,4.8,99,1,-0.1284,51.4307,London,weekday,Streatham,England,GB,United Kingdom
874.16,The Pembroke Studio by Richmond Park,Entire home/apt,FALSE,FALSE,2,FALSE,FALSE,4.6,97.8,1,-0.294,51.4283,London,weekday,Ham,England,GB,United Kingdom
253.99,"20 days or more, special price !",Entire home/apt,FALSE,FALSE,5,FALSE,FALSE,4.8,97.8,2,-0.1561,51.4383,London,weekday,Balham,England,GB,United Kingdom
498.46,"Modern 1BR Mitcham, Wimbledon | Self Check-in |",Entire home/apt,FALSE,FALSE,2,FALSE,FALSE,4.7,86.6,1,-0.16824,51.40509,London,weekday,Mitcham,England,GB,United Kingdom
317.63,"One Bedroom Kensal Green, Close to Ladbroke Grove",Entire home/apt,FALSE,FALSE,3,FALSE,FALSE,4.6,90,1,-0.23115,51.53097,London,weekday,London Borough of Hammersmith and Fulham,England,GB,United Kingdom
321.53,Big one bed apartment in the heart of Raynes Park.,Entire home/apt,FALSE,FALSE,2,FALSE,FALSE,5,100,1,-0.2329,51.4097,London,weekday,Raynes Park,England,GB,United Kingdom
331.33,Modern Flat in Mitcham Town Centre,Entire home/apt,FALSE,FALSE,4,FALSE,FALSE,5,100,1,-0.1643,51.4048,London,weekday,Mitcham,England,GB,United Kingdom
249.25,"(C051P)1 Bed Apartment, Free Parking&Gym, Kingston",Entire home/apt,FALSE,FALSE,2,FALSE,FALSE,4.8,96.6,1,-0.24934,51.41366,London,weekday,New Malden,England,GB,United Kingdom
261.16,1 Bedroom Luxury Flat with free Parking - London,Entire home/apt,FALSE,FALSE,4,FALSE,FALSE,4.3,92.2,1,-0.19694,51.37645,London,weekday,Benhilton,England,GB,United Kingdom
367.42,Exceptional London view | Great Transport Links,Entire home/apt,FALSE,FALSE,2,FALSE,FALSE,4.8,97.2,1,-0.2216,51.5034,London,weekday,Shepherd's Bush,England,GB,United Kingdom
296.99,1 bedroom flat with home cinema,Entire home/apt,FALSE,FALSE,2,FALSE,FALSE,5,100,1,-0.10903,51.46157,London,weekday,Brixton,England,GB,United Kingdom
302.26,Peaceful Marylebone Flat Near Regent’s Park,Entire home/apt,FALSE,FALSE,2,FALSE,FALSE,4.3,93.4,1,-0.16673,51.52118,London,weekday,Paddington,England,GB,United Kingdom
402.92,2 luxury rooms in house shared kitchen with owner,Shared room,TRUE,FALSE,4,FALSE,FALSE,5,100,2,-0.2574,51.434,London,weekday,Kingston Vale,England,GB,United Kingdom
446.5,Chelsea Riverside Modern Escape,Entire home/apt,FALSE,FALSE,3,FALSE,FALSE,4.2,90.6,1,-0.1834,51.4791,London,weekday,Brompton,England,GB,United Kingdom
465.46,"New 2BR Flat Mitcham, Wimbledon | Self check-in |",Entire home/apt,FALSE,FALSE,4,FALSE,FALSE,4.5,97.8,2,-0.1673,51.406,London,weekday,Mitcham,England,GB,United Kingdom
396.24,(YO) Unique Designer Unit Luxe Huge Bath A/C,Entire home/apt,FALSE,FALSE,2,FALSE,FALSE,4.7,95.2,1,-0.2283,51.4957,London,weekday,Hammersmith,England,GB,United Kingdom
278.44,"Stylish Apartment • Pool Table, Netflix & Disney+",Entire home/apt,FALSE,FALSE,4,TRUE,FALSE,5,100,1,-0.1828,51.46059,London,weekday,Wandsworth,England,GB,United Kingdom
528.1,Unique Brixton duplex penthouse,Entire home/apt,FALSE,FALSE,4,FALSE,FALSE,4.9,98.2,2,-0.1169,51.4642,London,weekday,Brixton,England,GB,United Kingdom
215.45,Stylish Renovated 2BR Apartment in South London,Entire home/apt,FALSE,FALSE,4,FALSE,FALSE,4.8,99.3,2,-0.1441,51.4269,London,weekday,Furzedown,England,GB,United Kingdom
410.28,Stylish Large Studio Apartment in Kensington,Entire home/apt,FALSE,FALSE,2,TRUE,FALSE,4.5,88,1,-0.18724,51.49978,London,weekday,South Kensington,England,GB,United Kingdom
2384.2,Stylish 2BR Apartment Perfect for St George's Hosp,Entire home/apt,FALSE,FALSE,4,FALSE,FALSE,4.8,100,2,-0.17581,51.42792,London,weekday,Summerstown,England,GB,United Kingdom
398.51,London Kensington  Best Luxury Secured Location,Entire home/apt,FALSE,FALSE,2,FALSE,FALSE,4.6,95.8,2,-0.19148,51.5058,London,weekday,Kensington,England,GB,United Kingdom
799.81,2 bedroom flat in Imperial Wharf by the river,Entire home/apt,FALSE,FALSE,4,FALSE,FALSE,5,95,2,-0.18351,51.47349,London,weekday,Fulham,England,GB,United Kingdom
364.07,Exclusive 2 Bedroom Flat near Kensington Olympia,Entire home/apt,FALSE,FALSE,4,FALSE,FALSE,4.7,100,2,-0.21435,51.49861,London,weekday,Brook Green,England,GB,United Kingdom
375.54,Outstanding London Flat -Kensington,Entire home/apt,FALSE,FALSE,4,FALSE,FALSE,5,84.6,1,-0.20412,51.49307,London,weekday,West Kensington,England,GB,United Kingdom
482.92,"Stylish, top-floor retreat near central London",Entire home/apt,FALSE,FALSE,4,FALSE,FALSE,4.8,96,1,-0.19563,51.48516,London,weekday,West Kensington,England,GB,United Kingdom
438.43,Wimbledon Stay · Elegant One-Bed Apartment,Entire home/apt,FALSE,FALSE,3,TRUE,FALSE,5,100,1,-0.19092,51.44326,London,weekday,Earlsfield,England,GB,United Kingdom
389.5,"Bright 1-Bed w Balcony, Parking & Workspace",Entire home/apt,FALSE,FALSE,3,TRUE,FALSE,4.9,98.6,1,-0.30835,51.49089,London,weekday,Brentford,England,GB,United Kingdom
478.68,Bright 2BR Flat in Brixton,Entire home/apt,FALSE,FALSE,4,FALSE,FALSE,4.7,95.4,2,-0.11476,51.45735,London,weekday,Brixton,England,GB,United Kingdom
864.5,Lovely & Quiet - 2 Bedroom Flat,Entire home/apt,FALSE,FALSE,3,TRUE,FALSE,4.6,97.6,2,-0.18844,51.4453,London,weekday,Earlsfield,England,GB,United Kingdom
373.02,Clean modern Covent Garden 1 bed,Entire home/apt,FALSE,FALSE,2,FALSE,FALSE,4.9,93,1,-0.12215,51.51587,London,weekday,Bloomsbury,England,GB,United Kingdom
586.81,Bijoux boutique 2 bed flat,Entire home/apt,FALSE,FALSE,4,TRUE,FALSE,4.8,100,2,-0.1609,51.4741,London,weekday,Battersea,England,GB,United Kingdom
458.16,"150+ Reviews Luxe Penthouse, fixed A/C, 2 Big Beds",Entire home/apt,FALSE,FALSE,4,FALSE,FALSE,4.6,93.8,1,-0.2283,51.4956,London,weekday,Hammersmith,England,GB,United Kingdom
404.84,200+ Reviews Designer Unit Luxe Huge Bath A/C,Entire home/apt,FALSE,FALSE,2,FALSE,FALSE,4.8,91,1,-0.2283,51.4957,London,weekday,Hammersmith,England,GB,United Kingdom
536.1,Stylish Apt | Battersea | Parking | Fast Wi-Fi,Entire home/apt,FALSE,FALSE,4,TRUE,FALSE,4.7,100,2,-0.18086,51.46639,London,weekday,Battersea,England,GB,United Kingdom
474.61,LUXURIOUS 1 BEDROOM FLAT BY THE RIVER,Entire home/apt,FALSE,FALSE,3,FALSE,FALSE,4.6,93.6,1,-0.1823,51.47238,London,weekday,Fulham,England,GB,United Kingdom
620.83,Designer 1 Bed Flat with Thames View from Balcony,Entire home/apt,FALSE,FALSE,2,FALSE,FALSE,4.7,100,1,-0.1905,51.463,London,weekday,Wandsworth,England,GB,United Kingdom
458.27,Holland Park Cosy One-Bed - Ideal for Long Stays,Entire home/apt,FALSE,FALSE,2,FALSE,FALSE,4.8,92.6,1,-0.21277,51.50404,London,weekday,Notting Hill,England,GB,United Kingdom
416.88,"+Luxe Penthouse, fixed A/C, 2 Large Beds, Central",Entire home/apt,FALSE,FALSE,4,FALSE,FALSE,4.7,94.6,1,-0.2283,51.4956,London,weekday,Hammersmith,England,GB,United Kingdom
520.68,Modern victorian flat in Fulham,Entire home/apt,FALSE,FALSE,2,TRUE,FALSE,4.8,99.4,1,-0.19183,51.46899,London,weekday,Fulham,England,GB,United Kingdom
528.91,Chelsea Modern 1 Bed Flat Prime Location,Entire home/apt,FALSE,FALSE,3,FALSE,FALSE,4.5,100,1,-0.18567,51.47559,London,weekday,Fulham,England,GB,United Kingdom
525.47,One bedroom Putney house with parking & patio.,Entire home/apt,FALSE,FALSE,2,FALSE,FALSE,4.9,98.2,1,-0.22598,51.46348,London,weekday,Putney,England,GB,United Kingdom
450.13,"(GRO) Luxe Penthouse, fixed A/C, 2 Large Beds",Entire home/apt,FALSE,FALSE,4,FALSE,FALSE,4.8,96,1,-0.22783,51.49665,London,weekday,Hammersmith,England,GB,United Kingdom
628.67,Long-Stay Kensington 2 BDR APT With AC*,Entire home/apt,FALSE,FALSE,5,TRUE,FALSE,4.9,100,2,-0.1982,51.49358,London,weekday,Kensington,England,GB,United Kingdom
251.49,2BDR flat in the heart of Paris - Haut-Marais,Entire home/apt,FALSE,FALSE,6,FALSE,FALSE,4.7,97.2,2,2.35851,48.8666,Paris,weekday,3rd Arrondissement,Ile-de-France,FR,France
123.4,Cute 1 Bed with Balcony in the heart of the Marais,Entire home/apt,FALSE,FALSE,2,TRUE,FALSE,5,100,1,2.3574,48.8618,Paris,weekday,3rd Arrondissement,Ile-de-France,FR,France
562.35,Leana Suite: Loft-style studio in the heart of Paris,Entire home/apt,FALSE,FALSE,3,TRUE,FALSE,5,100,1,2.36354,48.86951,Paris,weekday,10th Arrondissement,Ile-de-France,FR,France
186.49,"*Le Marais Luxury & Style: Elevator, Washer, Dryer",Entire home/apt,FALSE,FALSE,2,TRUE,FALSE,4.9,99.2,1,2.3592,48.85827,Paris,weekday,4th Arrondissement,Ile-de-France,FR,France
104.58,Paris Marais Sky Loft,Entire home/apt,FALSE,FALSE,2,FALSE,FALSE,4.8,100,1,2.35758,48.86748,Paris,weekday,3rd Arrondissement,Ile-de-France,FR,France
148.7,Charming one bedroom in Haut Marais,Entire home/apt,FALSE,FALSE,3,TRUE,FALSE,4.4,96.4,1,2.35866,48.86645,Paris,weekday,3rd Arrondissement,Ile-de-France,FR,France
184.02,33 m2 Hyper center Paris Beaubourg,Entire home/apt,FALSE,FALSE,2,TRUE,FALSE,4.6,100,1,2.35558,48.86497,Paris,weekday,3rd Arrondissement,Ile-de-France,FR,France
128.49,Cosy studio a Montmartre,Entire home/apt,FALSE,FALSE,2,TRUE,FALSE,4.8,100,1,2.348,48.88986,Paris,weekday,Quartier de Clignancourt,Ile-de-France,FR,France
135.06,Very quiet on garden 2Bd Historical heart of Paris,Entire home/apt,FALSE,FALSE,4,FALSE,FALSE,4.9,98.6,2,2.3639,48.863,Paris,weekday,3rd Arrondissement,Ile-de-France,FR,France
128.49,Apartment in central Paris,Entire home/apt,FALSE,FALSE,2,FALSE,FALSE,5,100,1,2.3503,48.8658,Paris,weekday,2nd Arrondissement,Ile-de-France,FR,France
229.88,Exceptional Apartment – Heart of Paris Marais,Entire home/apt,FALSE,FALSE,2,TRUE,FALSE,4.8,100,1,2.36342,48.86119,Paris,weekday,3rd Arrondissement,Ile-de-France,FR,France
100.92,Paris 3rd - République - Studio,Entire home/apt,FALSE,FALSE,2,FALSE,FALSE,5,100,1,2.36705,48.86353,Paris,weekday,11th Arrondissement,Ile-de-France,FR,France
329.81,"Louvre, Marais, élégant studio heart of Paris",Entire home/apt,FALSE,FALSE,2,TRUE,FALSE,4.8,96.6,1,2.3468,48.8596,Paris,weekday,1st Arrondissement,Ile-de-France,FR,France
432.16,Marais Modern & Spacious Studio,Entire home/apt,FALSE,FALSE,2,TRUE,FALSE,4.8,98.8,1,2.35847,48.86535,Paris,weekday,3rd Arrondissement,Ile-de-France,FR,France
135.57,Cozy studio - 2P - Sentier,Entire home/apt,FALSE,FALSE,2,FALSE,FALSE,4.8,100,1,2.3523,48.8679,Paris,weekday,2nd Arrondissement,Ile-de-France,FR,France
325.64,"Heart of Marais, sunny, sky view, AC and elevator",Entire home/apt,FALSE,FALSE,2,TRUE,FALSE,4.8,96,1,2.3575,48.8636,Paris,weekday,3rd Arrondissement,Ile-de-France,FR,France
150.28,Coco #79I Cosy studio -Canal Saint Martin & Events,Entire home/apt,FALSE,FALSE,2,TRUE,FALSE,5,100,1,2.36551,48.87288,Paris,weekday,10th Arrondissement,Ile-de-France,FR,France
136.08,Le Marais New Studio,Entire home/apt,FALSE,FALSE,2,FALSE,FALSE,4.7,93.4,1,2.35582,48.8639,Paris,weekday,3rd Arrondissement,Ile-de-France,FR,France
193.92,"Elegant, bright haven, nature-filled atmosphere, comfort",Entire home/apt,FALSE,FALSE,4,FALSE,FALSE,5,100,1,2.37003,48.86694,Paris,weekday,11th Arrondissement,Ile-de-France,FR,France
165.26,Central Montorgueil Trail,Entire home/apt,FALSE,FALSE,4,TRUE,FALSE,4.9,99.6,1,2.3509,48.8697,Paris,weekday,2nd Arrondissement,Ile-de-France,FR,France
163.91,Apartment Cosy- 1BR-4P-near Bastille,Entire home/apt,FALSE,FALSE,4,FALSE,FALSE,4.9,100,1,2.3763,48.8544,Paris,weekday,11th Arrondissement,Ile-de-France,FR,France
139.38,Designer & comfortable apartment with terrace,Entire home/apt,FALSE,FALSE,2,FALSE,FALSE,4.8,100,1,2.37309,48.8661,Paris,weekday,11th Arrondissement,Ile-de-France,FR,France
141.24,Flexliving - one bedroom apartment - Hauteville,Entire home/apt,FALSE,FALSE,2,FALSE,FALSE,4.9,100,1,2.35075,48.87301,Paris,weekday,10th Arrondissement,Ile-de-France,FR,France
565.85,Mobility Lease -Apt in the heart of the Marais -2P,Entire home/apt,FALSE,FALSE,2,FALSE,FALSE,4.7,98.6,1,2.36042,48.86296,Paris,weekday,3rd Arrondissement,Ile-de-France,FR,France
273.43,Coco #82 I Superb and spacious 1 bedroom & events,Entire home/apt,FALSE,FALSE,2,TRUE,FALSE,4.7,100,1,2.34921,48.8652,Paris,weekday,2nd Arrondissement,Ile-de-France,FR,France
195.67,"Blueground | Saint Vincent de Paul, view, nr Canal",Entire home/apt,FALSE,FALSE,2,FALSE,FALSE,4.8,88.4,1,2.3543,48.8769,Paris,weekday,10th Arrondissement,Ile-de-France,FR,France
581.81,A Stunning 1-BR in Opéra - Louvre,Entire home/apt,FALSE,FALSE,4,TRUE,FALSE,5,100,1,2.3337,48.8643,Paris,weekday,1st Arrondissement,Ile-de-France,FR,France
582.88,An Amazing 1-BR in Le Marais,Entire home/apt,FALSE,FALSE,4,TRUE,FALSE,4.5,91.6,1,2.3617,48.8584,Paris,weekday,3rd Arrondissement,Ile-de-France,FR,France
296.4,"Blueground | Sentier-Montorgueil, foodie area",Entire home/apt,FALSE,FALSE,2,FALSE,FALSE,4.8,88.4,1,2.3474,48.8653,Paris,weekday,2nd Arrondissement,Ile-de-France,FR,France
144.09,The House in the Vatican area,Entire home/apt,FALSE,FALSE,2,FALSE,FALSE,4.5,94,1,12.457,41.9169,Rome,weekday,Municipio Roma I,Lazio,IT,Italy
143.39,Pigneto connected to city center,Entire home/apt,FALSE,FALSE,2,TRUE,FALSE,5,98.2,2,12.5329,41.89141,Rome,weekday,Municipio Roma V,Lazio,IT,Italy
47.56,"Private room + A/C + ""Rome Sunset"" - View Terrace!",Private room,FALSE,TRUE,1,FALSE,FALSE,4.8,100,1,12.60004,41.84084,Rome,weekday,Municipio Roma VII,Lazio,IT,Italy
87.72,KamchŪ Apartments single bedroom VILLA ADA,Entire home/apt,FALSE,FALSE,1,FALSE,FALSE,4.9,100,1,12.51125,41.93636,Rome,weekday,Trieste,Lazio,IT,Italy
195,Central & Modern Flat In High-End Neighborhood,Entire home/apt,FALSE,FALSE,2,TRUE,FALSE,4.7,96.6,1,12.4629,41.9275,Rome,weekday,Flaminio,Lazio,IT,Italy
77.26,Room for one person 15 minutes from Trastevere,Entire home/apt,FALSE,FALSE,3,TRUE,FALSE,4.6,97.6,1,12.44392,41.87439,Rome,weekday,Municipio Roma XII,Lazio,IT,Italy
139,"Panda's House
Apartment-Rome (Prati)",Entire home/apt,FALSE,FALSE,4,FALSE,FALSE,4.8,97.2,1,12.4594,41.9217,Rome,weekday,Municipio Roma I,Lazio,IT,Italy
163.28,Dante Art Home,Entire home/apt,FALSE,FALSE,3,TRUE,FALSE,4.8,98,1,12.5048,41.892,Rome,weekday,Municipio Roma I,Lazio,IT,Italy
200.81,"Elegant, quiet green oasis",Entire home/apt,FALSE,FALSE,2,TRUE,FALSE,5,99.2,1,12.45721,41.92257,Rome,weekday,Municipio Roma I,Lazio,IT,Italy
183.92,Casa Satrico,Entire home/apt,FALSE,FALSE,4,TRUE,FALSE,4.9,98.2,1,12.50656,41.87668,Rome,weekday,Municipio Roma VII,Lazio,IT,Italy
177.89,Vatican & Foro Italico Home,Entire home/apt,FALSE,FALSE,4,FALSE,FALSE,4.7,98.3,2,12.4581,41.92143,Rome,weekday,Municipio Roma I,Lazio,IT,Italy
186.13,"Elegant, Quiet by the Vatican. Fully Renovated!",Entire home/apt,FALSE,FALSE,4,FALSE,FALSE,4.6,100,1,12.4539,41.9094,Rome,weekday,Municipio Roma I,Lazio,IT,Italy
158.03,Monteverde Apartment,Entire home/apt,FALSE,FALSE,2,FALSE,FALSE,5,100,1,12.4414,41.8739,Rome,weekday,Municipio Roma XII,Lazio,IT,Italy
126.49,The Yellow Room in Parioli,Entire home/apt,FALSE,FALSE,2,FALSE,FALSE,4.5,93.4,2,12.4954,41.9186,Rome,weekday,Pinciano,Lazio,IT,Italy
237.02,Campanella 14 – Charming stay in the heart of Rome,Entire home/apt,FALSE,FALSE,2,TRUE,FALSE,4.8,100,1,12.4675,41.8997,Rome,weekday,Municipio Roma I,Lazio,IT,Italy
116.66,Chic apartment with parking and panoramic view,Entire home/apt,FALSE,FALSE,2,FALSE,FALSE,4.4,93.4,1,12.67232,41.91911,Rome,weekday,Municipio Roma VI,Lazio,IT,Italy
143.39,Roman Treat in the Heart of Pigneto,Entire home/apt,FALSE,FALSE,2,TRUE,FALSE,4.6,98,1,12.5263,41.8892,Rome,weekday,Municipio Roma V,Lazio,IT,Italy
153.99,Colosseum Apartment Metro A & Roma Centro,Entire home/apt,FALSE,FALSE,4,TRUE,FALSE,4.6,95.2,1,12.5057,41.8829,Rome,weekday,Municipio Roma VII,Lazio,IT,Italy
174.13,University,Entire home/apt,FALSE,FALSE,2,TRUE,FALSE,4.8,96.6,1,12.51712,41.90653,Rome,weekday,Nomentano,Lazio,IT,Italy
158.76,Parioli Duplex Apartment,Entire home/apt,FALSE,FALSE,2,TRUE,FALSE,4.9,100,1,12.48066,41.92452,Rome,weekday,Pinciano,Lazio,IT,Italy
269.6,Central Apt + Parking – by Viva Domus,Entire home/apt,FALSE,FALSE,4,TRUE,FALSE,4.6,96.3,1,12.4374,41.898,Rome,weekday,Municipio Roma XIII,Lazio,IT,Italy
151.04,Rifugio Urbano- apt moderno metro C + wifi veloce,Entire home/apt,FALSE,FALSE,4,TRUE,FALSE,5,100,1,12.58958447,41.88364894,Rome,weekday,Alessandrino,Lazio,IT,Italy
167.67,La casa di Mou,Entire home/apt,FALSE,FALSE,3,TRUE,FALSE,4.7,97.8,1,12.4456,41.8759,Rome,weekday,Municipio Roma XII,Lazio,IT,Italy
223.4,Bright Apartment (Vatican Area),Entire home/apt,FALSE,FALSE,4,TRUE,FALSE,5,100,1,12.4627,41.9126,Rome,weekday,Municipio Roma I,Lazio,IT,Italy
43.64,Brand Roomy Corner,Entire home/apt,FALSE,FALSE,1,FALSE,FALSE,4.8,97,1,16.37071,48.2272,Vienna,weekday,Brigittenau,Vienna,AT,Austria
40.02,Girls ONLY! Private room near Schönbrunn LONG STAY,Private room,FALSE,TRUE,1,FALSE,FALSE,4.6,85.8,1,16.31982,48.1896,Vienna,weekday,Katastralgemeinde Rudolfsheim,Vienna,AT,Austria
178.38,Zeus Design Apartment near Schönbrunn Palace ?22,Entire home/apt,FALSE,FALSE,3,FALSE,FALSE,4.9,96.4,1,16.3075,48.1986,Vienna,weekday,Katastralgemeinde Penzing,Vienna,AT,Austria
134.1,small apartment in Wien-Hernals,Entire home/apt,FALSE,FALSE,2,TRUE,FALSE,4.8,98.4,1,16.33,48.2215,Vienna,weekday,Katastralgemeinde Hernals,Vienna,AT,Austria
80.66,Urban Jungle | 10 min to City Center w Subway,Entire home/apt,FALSE,FALSE,4,TRUE,FALSE,4.8,96.2,1,16.31902,48.19714,Vienna,weekday,Katastralgemeinde Rudolfsheim,Vienna,AT,Austria
45.11,Bright Cozy Room | Fast City Access & WiFi,Entire home/apt,FALSE,FALSE,1,FALSE,FALSE,4.6,88,1,16.3179,48.2231,Vienna,weekday,Katastralgemeinde Hernals,Vienna,AT,Austria
42.29,Brand Roomy Space,Entire home/apt,FALSE,FALSE,1,FALSE,FALSE,4.8,96.8,1,16.3709,48.22826,Vienna,weekday,Brigittenau,Vienna,AT,Austria
78.13,"T14 quiet courtyard location, affordable living 70 m², central",Entire home/apt,FALSE,FALSE,3,TRUE,FALSE,5,99,2,16.344,48.2019,Vienna,weekday,Katastralgemeinde Neubau,Vienna,AT,Austria
120.4,Charming Flat in Vienna Center,Entire home/apt,FALSE,FALSE,2,TRUE,FALSE,5,96.6,1,16.34303,48.19487,Vienna,weekday,Katastralgemeinde Mariahilf,Vienna,AT,Austria
83.65,Peaceful Roomy Nook,Entire home/apt,FALSE,FALSE,1,FALSE,FALSE,4.9,97,1,16.37163,48.22439,Vienna,weekday,Leopoldstadt,Vienna,AT,Austria
137.2,"cosy historic flat in vienna's josefstadt, metro",Entire home/apt,FALSE,FALSE,2,TRUE,FALSE,5,98.8,1,16.34247,48.20934,Vienna,weekday,Katastralgemeinde Josefstadt,Vienna,AT,Austria
108.15,Cozy City Center Appartment next to Stephansdom,Entire home/apt,FALSE,FALSE,3,FALSE,FALSE,4.8,98,1,16.37289,48.20691,Vienna,weekday,Innere Stadt,Vienna,AT,Austria
133.8,Vienna Flair Apartment Open Space KS70/16,Entire home/apt,FALSE,FALSE,2,FALSE,FALSE,4.9,100,1,16.3227,48.20749,Vienna,weekday,Katastralgemeinde Ottakring,Vienna,AT,Austria
54.59,Peaceful Snuggy Room,Entire home/apt,FALSE,FALSE,1,FALSE,FALSE,4.8,97,1,16.37168,48.22425,Vienna,weekday,Leopoldstadt,Vienna,AT,Austria
141.92,Apartment in Wien-Hernals,Entire home/apt,FALSE,FALSE,4,TRUE,FALSE,4.5,95.6,1,16.33,48.2215,Vienna,weekday,Katastralgemeinde Hernals,Vienna,AT,Austria
41.89,Private Room | Great Transport | Fast Wi-Fi,Private room,FALSE,TRUE,1,FALSE,FALSE,4.7,92,1,16.3291,48.2079,Vienna,weekday,Ottakring,Vienna,AT,Austria
192.63,"Design apartment, close to the city, near U4/Danube Canal",Entire home/apt,FALSE,FALSE,2,TRUE,FALSE,4.9,98.2,2,16.366,48.2281,Vienna,weekday,Brigittenau,Vienna,AT,Austria
37.68,Quiet Room,Entire home/apt,FALSE,FALSE,1,FALSE,FALSE,4.6,93.8,1,16.34256,48.17956,Vienna,weekday,Katastralgemeinde Meidling,Vienna,AT,Austria
164.99,"Quiet, brand new, main transport at door! Ideal!",Entire home/apt,FALSE,FALSE,2,TRUE,FALSE,4.9,98.2,1,16.32878,48.19744,Vienna,weekday,Katastralgemeinde Rudolfsheim,Vienna,AT,Austria
116.92,Vienna Flair Apartment Large KS70/2,Entire home/apt,FALSE,FALSE,2,FALSE,FALSE,4.8,93.4,1,16.32496,48.20786,Vienna,weekday,Katastralgemeinde Ottakring,Vienna,AT,Austria
530.74,Cosy Apartment Meidling,Entire home/apt,FALSE,FALSE,2,FALSE,FALSE,4.4,88.8,1,16.33266,48.17399,Vienna,weekday,Katastralgemeinde Meidling,Vienna,AT,Austria
103.31,Chillout Lounge Satzberg,Entire home/apt,FALSE,FALSE,4,FALSE,FALSE,3.8,76,1,16.25783,48.20272,Vienna,weekday,Penzing,Vienna,AT,Austria
127.42,"Blueground | Favoriten, roof, gym & lounge",Entire home/apt,FALSE,FALSE,2,FALSE,FALSE,4.8,89.4,1,16.3811,48.1837,Vienna,weekday,Katastralgemeinde Favoriten,Vienna,AT,Austria
178.38,Nice flat | Contactless Check-In with Smartphone,Entire home/apt,FALSE,FALSE,2,TRUE,FALSE,4.9,98.4,1,16.30945,48.19787,Vienna,weekday,Katastralgemeinde Penzing,Vienna,AT,Austria
